[22-05-05 11:07:11]: INFO: Log File name: /u01/scripts/LOGS/execute_query_2_retrival_050522110711.log
[22-05-05 11:07:11]: INFO: Starting the script
[22-05-05 11:07:11]: INFO: Script Directory: /u01/scripts
[22-05-05 11:07:11]: INFO: Query Directory: /u01/scripts/oracleSQL
[22-05-05 11:07:11]: INFO: Spinning Connection with axiomus@ORCLPDB1
[22-05-05 11:07:11]: ----------------------------------------------------
[22-05-05 11:07:11]:  DATABASE QUERY STARTS 
[22-05-05 11:07:11]: 
Retrival : The basics
-- Six main clauses of SELECT command are
-- Mandatory Claues - SELECT and FROM other are Optional clauses

>>-------- SELECT ----------- FROM ---------->

"  |--- WHERE ---|     |-- GROUP BY ---|"
>--|-------------|-----|---------------|------>
"  |---- HAVING--|    |--- ORDER BY ----|"
>--|-------------|----|-----------------|---->>

-- Must be process in the following order
--- FROM, WHERE, GROUP BY, HAVING, SELECT, ORDER BY.
-- Issue a Simple SELECT Command

 REGION_ID REGION_NAME
---------- --------------------------------------------------
	 1 Europe
	 2 Americas
	 3 Asia
	 4 Middle East and Africa

-- Select specific columns

EMPLOYEE_ID FIRST_NAME	    LAST_NAME	    EMAIL			   CONTACT#
----------- --------------- --------------- ------------------------------ --------------------------------------------------
	  1 Tommy	    Bailey	    tommy.bailey@example.com	   515.123.4567
	  2 Jude	    Rivera	    jude.rivera@example.com	   515.123.4568
	  3 Blake	    Cooper	    blake.cooper@example.com	   515.123.4569
	  4 Louie	    Richardson	    louie.richardson@example.com   590.423.4567

-- Changing Heading of Columns

GLOBAL_REGION_NAME
--------------------------------------------------
Europe
Americas
Asia
Middle East and Africa

-- Using DISTINCT to eliminate Duplicates

MANAGER_ID JOB_TITLE
---------- -----------------------------------
	 9 Accountant
	 4 Programmer
	 1 Marketing Manager
	 1 Sales Manager
	50 Sales Representative
       106 Public Accountant
	 2 Accounting Manager
	 3 Programmer
	15 Purchasing Clerk
	48 Sales Representative
	23 Shipping Clerk
	24 Stock Clerk
	 2 Administration Assistant
	   President
	24 Shipping Clerk
	 1 Purchasing Manager
	46 Sales Representative
	47 Sales Representative
	21 Shipping Clerk
	25 Stock Clerk
	23 Stock Clerk
	 1 Stock Manager
	 2 Human Resources Representative
	22 Shipping Clerk
	 1 Administration Vice President
	 2 Public Relations Representative
	49 Sales Representative
	22 Stock Clerk
	21 Stock Clerk
	 2 Finance Manager
       102 Marketing Representative
	25 Shipping Clerk

32 rows selected.

-- Concatenate the employee names

EMPLOYEE_NAME		       POSITION
------------------------------ ------------------------------
Ronnie Perry		       Stock Manager

-- Using SYSDATE

(SYSDATE-HIRE_DATE)/365
-----------------------
	     6.31359817

-- Arithmatic operation : ROUND, CEIL, FLOOR

ROUND(345.324,0) CEIL(1334.342) FLOOR(3432.432)
---------------- -------------- ---------------
	     345	   1335 	   3432


ROUND(123.123,2) ROUND(123.123,-1) ROUND(123.123,-2)
---------------- ----------------- -----------------
	  123.12	       120		 100


 ABS(-123)     ABS(0)	ABS(456) SIGN(-123)    SIGN(0)	SIGN(456)
---------- ---------- ---------- ---------- ---------- ----------
       123	    0	     456	 -1	     0		1


POWER(2,3) POWER(-2,3)	 MOD(8,3)  MOD(13,0)
---------- ----------- ---------- ----------
	 8	    -8		2	  13

-- Use MOD with WHERE clause ( ODD number of records )

EMPLOYEE_ID FIRST_NAME	    LAST_NAME	    HIRE_DATE
----------- --------------- --------------- ---------
	  1 Tommy	    Bailey	    17-JUN-16
	  3 Blake	    Cooper	    13-JAN-16
	  5 Nathan	    Cox 	    21-MAY-16
	  7 Charles	    Ward	    05-FEB-16
	  9 Mohammad	    Peterson	    17-AUG-16
	 11 Tyler	    Ramirez	    28-SEP-16
	 13 Albert	    Watson	    07-MAR-16
	 15 Rory	    Kelly	    07-DEC-16
	 17 Frederick	    Price	    24-DEC-16
	 19 Louis	    Wood	    15-NOV-16
	 21 Jaxon	    Ross	    18-JUL-16
	 23 Jackson	    Coleman	    01-MAY-16
	 25 Ronnie	    Perry	    16-NOV-16
	 27 Kai 	    Long	    28-SEP-16
	 29 Roman	    Hughes	    08-MAR-16
	 31 Ellis	    Washington	    30-OCT-16
	 33 Reggie	    Simmons	    10-APR-16
	 35 Carter	    Gonzales	    26-AUG-16
	 37 Ibrahim	    Alexander	    06-FEB-16
	 39 Kian	    Griffin	    26-OCT-16
	 41 Connor	    Hayes	    06-APR-16
	 43 Olivia	    Ford	    29-JAN-16
	 45 Isla	    Graham	    09-JUL-16
	 47 Ella	    Wallace	    05-JAN-16
	 49 Isabella	    Cole	    15-OCT-16
	 51 Poppy	    Jordan	    30-JAN-16
	 53 Sophia	    Reynolds	    20-AUG-16
	 55 Grace	    Ellis	    09-DEC-16
	 57 Scarlett	    Gibson	    30-JAN-16
	 59 Chloe	    Cruz	    01-AUG-16
	 61 Daisy	    Ortiz	    15-DEC-16
	 63 Phoebe	    Murray	    11-NOV-16
	 65 Alice	    Wells	    24-JAN-16
	 67 Sienna	    Simpson	    24-MAR-16
	 69 Evelyn	    Tucker	    11-MAR-16
	 71 Millie	    Hunter	    24-JAN-16
	 73 Lucy	    Crawford	    24-MAR-16
	 75 Imogen	    Boyd	    11-MAY-16
	 77 Rosie	    Morales	    24-MAR-16
	 79 Esme	    Warren	    24-MAY-16
	 81 Lola	    Ramos	    24-JAN-16
	 83 Ivy 	    Burns	    21-JUN-16
	 85 Holly	    Shaw	    27-JAN-16
	 87 Molly	    Rice	    24-JUN-16
	 89 Jasmine	    Hunt	    14-JUN-16
	 91 Lilly	    Daniels	    11-JUL-16
	 93 Georgia	    Mills	    04-FEB-16
	 95 Eleanor	    Grant	    01-JUL-16
	 97 Harriet	    Ferguson	    24-APR-16
	 99 Bella	    Stone	    21-JUN-16
	101 Annabelle	    Dunn	    17-SEP-16
	103 Amelie	    Hudson	    17-AUG-16
	105 Gracie	    Gardner	    07-JUN-16
	107 Summer	    Payne	    07-JUN-16

54 rows selected.

-- Use MOD with WHERE clause ( EVEN number of records )

EMPLOYEE_ID FIRST_NAME	    LAST_NAME	    HIRE_DATE
----------- --------------- --------------- ---------
	  2 Jude	    Rivera	    21-SEP-16
	  4 Louie	    Richardson	    03-JAN-16
	  6 Gabriel	    Howard	    25-JUN-16
	  8 Bobby	    Torres	    07-FEB-16
	 10 Ryan	    Gray	    16-AUG-16
	 12 Elliott	    James	    30-SEP-16
	 14 Elliot	    Brooks	    07-DEC-16
	 16 Alex	    Sanders	    18-MAY-16
	 18 Ollie	    Bennett	    24-JUL-16
	 20 Dexter	    Barnes	    10-AUG-16
	 22 Liam	    Henderson	    10-APR-16
	 24 Callum	    Jenkins	    10-OCT-16
	 26 Leon	    Powell	    16-JUL-16
	 28 Aaron	    Patterson	    14-JAN-16
	 30 Austin	    Flores	    20-AUG-16
	 32 Jamie	    Butler	    16-FEB-16
	 34 Seth	    Foster	    14-JUN-16
	 36 Felix	    Bryant	    12-DEC-16
	 38 Sonny	    Russell	    14-JUL-16
	 40 Caleb	    Diaz	    12-FEB-16
	 42 Amelia	    Myers	    17-OCT-16
	 44 Emily	    Hamilton	    15-MAR-16
	 46 Ava 	    Sullivan	    01-OCT-16
	 48 Jessica	    Woods	    10-MAR-16
	 50 Mia 	    West	    29-JAN-16
	 52 Sophie	    Owens	    24-MAR-16
	 54 Lily	    Fisher	    30-MAR-16
	 56 Evie	    Harrison	    23-NOV-16
	 58 Ruby	    Mcdonald	    04-MAR-16
	 60 Isabelle	    Marshall	    10-MAR-16
	 62 Freya	    Gomez	    03-NOV-16
	 64 Florence	    Freeman	    19-MAR-16
	 66 Charlotte	    Webb	    23-FEB-16
	 68 Matilda	    Stevens	    21-APR-16
	 70 Eva 	    Porter	    23-MAR-16
	 72 Sofia	    Hicks	    23-FEB-16
	 74 Elsie	    Henry	    21-APR-16
	 76 Layla	    Mason	    19-MAR-16
	 78 Maya	    Kennedy	    23-APR-16
	 80 Elizabeth	    Dixon	    04-JAN-16
	 82 Willow	    Reyes	    23-FEB-16
	 84 Erin	    Gordon	    03-FEB-16
	 86 Emilia	    Holmes	    20-FEB-16
	 88 Ellie	    Robertson	    07-FEB-16
	 90 Eliza	    Black	    13-AUG-16
	 92 Abigail	    Palmer	    19-DEC-16
	 94 Maisie	    Nichols	    03-MAR-16
	 96 Hannah	    Knight	    17-MAR-16
	 98 Amber	    Rose	    23-MAY-16
	100 Thea	    Hawkins	    13-JAN-16
	102 Emma	    Perkins	    17-FEB-16
	104 Harper	    Spencer	    07-JUN-16
	106 Rose	    Stephens	    07-JUN-16

53 rows selected.

-- Using FLOOR and MOD

EMPLOYEE_NAME			    WEEKS	DAYS
------------------------------ ---------- ----------
Ronnie Perry			      285	   1

-- trignometric Exponential, logarithmic

SIN(30*3.1421/180)  TANH(0.5)	  EXP(4)  LOG(2,32)	LN(32)
------------------ ---------- ---------- ---------- ----------
	.500073227 .462117157	54.59815	  5  3.4657359

-- TEXT Functions
-- Using LOWER, UPPER,INITCAP, LENGTH functions

JOB_TITLE			    FIRST_NAME
----------------------------------- ---------------
programmer			    Louie
programmer			    Bobby
programmer			    Nathan
programmer			    Gabriel
programmer			    Charles

-- using the INSTR and SUBSTR functions

FIRST_NAME	SUBSTR1 		       SUBSTR2		INSTR1	   INSTR2     INSTR3
--------------- ------------------------------ ------------ ---------- ---------- ----------
Summer		mer			       mer		     0		0	   0
Rose		e			       e		     0		0	   0
Annabelle	abelle			       abe		     0		0	   0
Tommy		my			       my		     0		0	   0
Blake		ke			       ke		     0		0	   0
Jude		e			       e		     0		0	   0
Tyler		er			       er		     0		0	   0
Ryan		n			       n		     0		0	   0
Elliot		iot			       iot		     0		0	   0
Elliott 	iott			       iot		     0		0	   0
Albert		ert			       ert		     0		0	   0
Mohammad	ammad			       amm		     0		0	   0
Harper		per			       per		     0		0	   0
Louie		ie			       ie		     0		0	   0
Nathan		han			       han		     0		0	   0
Bobby		by			       by		     0		0	   0
Charles 	rles			       rle		     0		0	   0
Gabriel 	riel			       rie		     0		0	   0
Emma		a			       a		     0		0	   0
Amelie		lie			       lie		     0		0	   0
Gracie		cie			       cie		     0		0	   0
Frederick	derick			       der		     0		0	   0
Alex		x			       x		     0		0	   0
Ollie		ie			       ie		     0		0	   0
Louis		is			       is		     0		0	   0
Dexter		ter			       ter		     0		0	   0
Rory		y			       y		     0		0	   0
Isabella	bella			       bel		     1		0	   0
Jessica 	sica			       sic		     0		0	   0
Ella		a			       a		     0		0	   0
Ava								     0		0	   0
Mia								     0		0	   0
Evie		e			       e		     0		0	   0
Scarlett	rlett			       rle		     0		0	   0
Ruby		y			       y		     0		0	   0
Chloe		oe			       oe		     0		0	   0
Isabelle	belle			       bel		     1		0	   0
Daisy		sy			       sy		     0		0	   0
Freya		ya			       ya		     0		0	   0
Elizabeth	zabeth			       zab		     0		0	   0
Florence	rence			       ren		     0		0	   0
Alice		ce			       ce		     0		0	   0
Charlotte	rlotte			       rlo		     0		0	   0
Sienna		nna			       nna		     0		0	   0
Matilda 	ilda			       ild		     0		0	   0
Evelyn		lyn			       lyn		     0		0	   0
Eva								     0		0	   0
Millie		lie			       lie		     0		0	   0
Sofia		ia			       ia		     0		0	   0
Lucy		y			       y		     0		0	   0
Elsie		ie			       ie		     0		0	   0
Imogen		gen			       gen		     1		0	   0
Layla		la			       la		     0		0	   0
Rosie		ie			       ie		     0		0	   0
Maya		a			       a		     0		0	   0
Esme		e			       e		     0		0	   0
Grace		ce			       ce		     0		0	   0
Lily		y			       y		     0		0	   0
Sophia		hia			       hia		     0		0	   0
Sophie		hie			       hie		     0		0	   0
Poppy		py			       py		     0		0	   0
Phoebe		ebe			       ebe		     0		0	   0
Holly		ly			       ly		     0		0	   0
Emilia		lia			       lia		     0		0	   0
Molly		ly			       ly		     0		0	   0
Ellie		ie			       ie		     0		0	   0
Jasmine 	mine			       min		     0		0	   0
Eliza		za			       za		     0		0	   0
Lilly		ly			       ly		     0		0	   0
Abigail 	gail			       gai		     0		0	   0
Georgia 	rgia			       rgi		     0		0	   0
Maisie		sie			       sie		     0		0	   0
Eleanor 	anor			       ano		     0		0	   0
Hannah		nah			       nah		     0		0	   0
Harriet 	riet			       rie		     0		0	   0
Amber		er			       er		     0		0	   0
Bella		la			       la		     0		0	   0
Thea		a			       a		     0		0	   0
Lola		a			       a		     0		0	   0
Willow		low			       low		     0		0	   0
Ivy								     1		0	   0
Erin		n			       n		     0		0	   0
Reggie		gie			       gie		     0		0	   0
Emily		ly			       ly		     0		0	   0
Olivia		via			       via		     0		0	   0
Amelia		lia			       lia		     0		0	   0
Connor		nor			       nor		     0		0	   0
Leon		n			       n		     0		0	   0
Kai								     0		0	   0
Aaron		on			       on		     0		0	   0
Roman		an			       an		     0		0	   0
Austin		tin			       tin		     0		0	   0
Ellis		is			       is		     0		0	   0
Jamie		ie			       ie		     0		0	   0
Isla		a			       a		     1		0	   0
Seth		h			       h		     0		0	   0
Carter		ter			       ter		     0		0	   0
Felix		ix			       ix		     0		0	   0
Ibrahim 	ahim			       ahi		     1		0	   0
Sonny		ny			       ny		     0		0	   0
Kian		n			       n		     0		0	   0
Caleb		eb			       eb		     0		0	   0
Ronnie		nie			       nie		     0		0	   0
Callum		lum			       lum		     0		0	   0
Jackson 	kson			       kso		     0		0	   0
Liam		m			       m		     0		0	   0
Jaxon		on			       on		     0		0	   0

107 rows selected.

